<?xml version="1.0" encoding="UTF-8" ?>

<Form version="1.3" maxVersion="1.9" type="org.netbeans.modules.form.forminfo.JFrameFormInfo">
  <Properties>
    <Property name="defaultCloseOperation" type="int" value="3"/>
  </Properties>
  <SyntheticProperties>
    <SyntheticProperty name="formSizePolicy" type="int" value="1"/>
    <SyntheticProperty name="generateCenter" type="boolean" value="false"/>
  </SyntheticProperties>
  <AuxValues>
    <AuxValue name="FormSettings_autoResourcing" type="java.lang.Integer" value="0"/>
    <AuxValue name="FormSettings_autoSetComponentName" type="java.lang.Boolean" value="false"/>
    <AuxValue name="FormSettings_generateFQN" type="java.lang.Boolean" value="true"/>
    <AuxValue name="FormSettings_generateMnemonicsCode" type="java.lang.Boolean" value="false"/>
    <AuxValue name="FormSettings_i18nAutoMode" type="java.lang.Boolean" value="false"/>
    <AuxValue name="FormSettings_layoutCodeTarget" type="java.lang.Integer" value="1"/>
    <AuxValue name="FormSettings_listenerGenerationStyle" type="java.lang.Integer" value="0"/>
    <AuxValue name="FormSettings_variablesLocal" type="java.lang.Boolean" value="false"/>
    <AuxValue name="FormSettings_variablesModifier" type="java.lang.Integer" value="2"/>
  </AuxValues>

  <Layout>
    <DimensionLayout dim="0">
      <Group type="103" groupAlignment="0" attributes="0">
          <Group type="102" attributes="0">
              <EmptySpace max="-2" attributes="0"/>
              <Group type="103" groupAlignment="0" attributes="0">
                  <Group type="102" attributes="0">
                      <Group type="103" groupAlignment="1" attributes="0">
                          <Component id="btnNewLine" min="-2" max="-2" attributes="0"/>
                          <Group type="103" alignment="1" groupAlignment="0" max="-2" attributes="0">
                              <Component id="txtNewLine" max="32767" attributes="0"/>
                              <Component id="jScrollPane1" min="-2" pref="334" max="-2" attributes="0"/>
                          </Group>
                      </Group>
                      <EmptySpace min="0" pref="0" max="32767" attributes="0"/>
                  </Group>
                  <Component id="jLabel1" alignment="0" max="32767" attributes="0"/>
              </Group>
              <EmptySpace max="-2" attributes="0"/>
          </Group>
      </Group>
    </DimensionLayout>
    <DimensionLayout dim="1">
      <Group type="103" groupAlignment="0" attributes="0">
          <Group type="102" alignment="0" attributes="0">
              <EmptySpace max="-2" attributes="0"/>
              <Component id="txtNewLine" min="-2" pref="32" max="-2" attributes="0"/>
              <EmptySpace max="-2" attributes="0"/>
              <Component id="btnNewLine" min="-2" max="-2" attributes="0"/>
              <EmptySpace type="separate" max="-2" attributes="0"/>
              <Component id="jScrollPane1" min="-2" pref="145" max="-2" attributes="0"/>
              <EmptySpace type="separate" max="-2" attributes="0"/>
              <Component id="jLabel1" max="32767" attributes="0"/>
              <EmptySpace min="-2" pref="29" max="-2" attributes="0"/>
          </Group>
      </Group>
    </DimensionLayout>
  </Layout>
  <SubComponents>
    <Container class="javax.swing.JScrollPane" name="jScrollPane1">
      <AuxValues>
        <AuxValue name="autoScrollPane" type="java.lang.Boolean" value="true"/>
      </AuxValues>

      <Layout class="org.netbeans.modules.form.compat2.layouts.support.JScrollPaneSupportLayout"/>
      <SubComponents>
        <Component class="javax.swing.JTextArea" name="allText">
          <Properties>
            <Property name="columns" type="int" value="20"/>
            <Property name="rows" type="int" value="5"/>
            <Property name="enabled" type="boolean" value="false"/>
          </Properties>
        </Component>
      </SubComponents>
    </Container>
    <Component class="javax.swing.JTextField" name="txtNewLine">
      <Events>
        <EventHandler event="actionPerformed" listener="java.awt.event.ActionListener" parameters="java.awt.event.ActionEvent" handler="txtNewLineActionPerformed"/>
      </Events>
    </Component>
    <Component class="javax.swing.JButton" name="btnNewLine">
      <Properties>
        <Property name="text" type="java.lang.String" value="Add Line"/>
      </Properties>
      <Events>
        <EventHandler event="actionPerformed" listener="java.awt.event.ActionListener" parameters="java.awt.event.ActionEvent" handler="btnNewLineActionPerformed"/>
      </Events>
    </Component>
    <Component class="javax.swing.JLabel" name="jLabel1">
    </Component>
  </SubComponents>
</Form>
